,Nama_Matkul,kd_pasangan
IKI10103,Aljabar Linier,CSF1600103
IKI10103,Aljabar Linier,CSF1600103
IKI10103,Aljabar Linier,CSF1600103
IKI10103,Aljabar Linier,CSF1600103
IKI10103,Aljabar Linier,CSGE602012
IKI10103,Aljabar Linier,CSGE602012
IKI10103,Aljabar Linier,CSGE602012
IKI10103,Aljabar Linier,CSGE602012
IKI10103,Aljabar Linier,IKI10103
IKI10103,Aljabar Linier,IKI10103
IKI10103,Aljabar Linier,IKI20600
IKI10103,Aljabar Linier,IKI20600
IKI10103,Aljabar Linier,CSF1600103
IKI10103,Aljabar Linier,CSF1600103
IKI10103,Aljabar Linier,CSF1600103
IKI10103,Aljabar Linier,CSF1600103
IKI10103,Aljabar Linier,CSGE602012
IKI10103,Aljabar Linier,CSGE602012
IKI10103,Aljabar Linier,CSGE602012
IKI10103,Aljabar Linier,CSGE602012
IKI10103,Aljabar Linier,IKI10103
IKI10103,Aljabar Linier,IKI10103
IKI10103,Aljabar Linier,IKI20600
IKI10103,Aljabar Linier,IKI20600
IKI10200,Dasar-Dasar Pemrograman,CSF1600200
IKI10200,Dasar-Dasar Pemrograman,CSF1600200
IKI10200,Dasar-Dasar Pemrograman,CSF1600200
IKI10200,Dasar-Dasar Pemrograman,CSF1600200
IKI10200,Dasar-Dasar Pemrograman,CSGE601020
IKI10200,Dasar-Dasar Pemrograman,CSGE601020
IKI10200,Dasar-Dasar Pemrograman,CSGE601020
IKI10200,Dasar-Dasar Pemrograman,CSGE601020
IKI10200,Dasar-Dasar Pemrograman,IKI10200
IKI10200,Dasar-Dasar Pemrograman,IKI10200
IKI10200,Dasar-Dasar Pemrograman,IKI10820
IKI10200,Dasar-Dasar Pemrograman,IKI10820
IKI10200,Dasar-Dasar Pemrograman,IKI10830
IKI10200,Dasar-Dasar Pemrograman,IKI10830
IKI10200,Dasar-Dasar Pemrograman,CSF1600200
IKI10200,Dasar-Dasar Pemrograman,CSF1600200
IKI10200,Dasar-Dasar Pemrograman,CSF1600200
IKI10200,Dasar-Dasar Pemrograman,CSF1600200
IKI10200,Dasar-Dasar Pemrograman,CSGE601020
IKI10200,Dasar-Dasar Pemrograman,CSGE601020
IKI10200,Dasar-Dasar Pemrograman,CSGE601020
IKI10200,Dasar-Dasar Pemrograman,CSGE601020
IKI10200,Dasar-Dasar Pemrograman,IKI10200
IKI10200,Dasar-Dasar Pemrograman,IKI10200
IKI10200,Dasar-Dasar Pemrograman,IKI10820
IKI10200,Dasar-Dasar Pemrograman,IKI10820
IKI10200,Dasar-Dasar Pemrograman,IKI10830
IKI10200,Dasar-Dasar Pemrograman,IKI10830
IKI10200,Dasar-Dasar Pemrograman,CSF1600200
IKI10200,Dasar-Dasar Pemrograman,CSF1600200
IKI10200,Dasar-Dasar Pemrograman,CSF1600200
IKI10200,Dasar-Dasar Pemrograman,CSF1600200
IKI10200,Dasar-Dasar Pemrograman,CSGE601020
IKI10200,Dasar-Dasar Pemrograman,CSGE601020
IKI10200,Dasar-Dasar Pemrograman,CSGE601020
IKI10200,Dasar-Dasar Pemrograman,CSGE601020
IKI10200,Dasar-Dasar Pemrograman,IKI10200
IKI10200,Dasar-Dasar Pemrograman,IKI10200
IKI10200,Dasar-Dasar Pemrograman,IKI10820
IKI10200,Dasar-Dasar Pemrograman,IKI10820
IKI10200,Dasar-Dasar Pemrograman,IKI10830
IKI10200,Dasar-Dasar Pemrograman,IKI10830
IKI10200,Dasar-Dasar Pemrograman,CSF1600200
IKI10200,Dasar-Dasar Pemrograman,CSF1600200
IKI10200,Dasar-Dasar Pemrograman,CSF1600200
IKI10200,Dasar-Dasar Pemrograman,CSF1600200
IKI10200,Dasar-Dasar Pemrograman,CSGE601020
IKI10200,Dasar-Dasar Pemrograman,CSGE601020
IKI10200,Dasar-Dasar Pemrograman,CSGE601020
IKI10200,Dasar-Dasar Pemrograman,CSGE601020
IKI10200,Dasar-Dasar Pemrograman,IKI10200
IKI10200,Dasar-Dasar Pemrograman,IKI10200
IKI10200,Dasar-Dasar Pemrograman,IKI10820
IKI10200,Dasar-Dasar Pemrograman,IKI10820
IKI10200,Dasar-Dasar Pemrograman,IKI10830
IKI10200,Dasar-Dasar Pemrograman,IKI10830
IKI10200,Dasar-Dasar Pemrograman,CSF1600200
IKI10200,Dasar-Dasar Pemrograman,CSF1600200
IKI10200,Dasar-Dasar Pemrograman,CSF1600200
IKI10200,Dasar-Dasar Pemrograman,CSF1600200
IKI10200,Dasar-Dasar Pemrograman,CSGE601020
IKI10200,Dasar-Dasar Pemrograman,CSGE601020
IKI10200,Dasar-Dasar Pemrograman,CSGE601020
IKI10200,Dasar-Dasar Pemrograman,CSGE601020
IKI10200,Dasar-Dasar Pemrograman,IKI10200
IKI10200,Dasar-Dasar Pemrograman,IKI10200
IKI10200,Dasar-Dasar Pemrograman,IKI10820
IKI10200,Dasar-Dasar Pemrograman,IKI10820
IKI10200,Dasar-Dasar Pemrograman,IKI10830
IKI10200,Dasar-Dasar Pemrograman,IKI10830
IKI10400,Struktur Data & Algoritma,CSF1600400
IKI10400,Struktur Data & Algoritma,CSF1600400
IKI10400,Struktur Data & Algoritma,CSF1600400
IKI10400,Struktur Data & Algoritma,CSF1600400
IKI10400,Struktur Data & Algoritma,CSGE602040
IKI10400,Struktur Data & Algoritma,CSGE602040
IKI10400,Struktur Data & Algoritma,CSGE602040
IKI10400,Struktur Data & Algoritma,CSGE602040
IKI10400,Struktur Data & Algoritma,IKI10400
IKI10400,Struktur Data & Algoritma,IKI10400
IKI10400,Struktur Data & Algoritma,IKI20100
IKI10400,Struktur Data & Algoritma,IKI20100
IKI10400,Struktur Data & Algoritma,IKI20100
IKI10400,Struktur Data & Algoritma,IKI20100
IKI10400,Struktur Data & Algoritma,CSF1600400
IKI10400,Struktur Data & Algoritma,CSF1600400
IKI10400,Struktur Data & Algoritma,CSF1600400
IKI10400,Struktur Data & Algoritma,CSF1600400
IKI10400,Struktur Data & Algoritma,CSGE602040
IKI10400,Struktur Data & Algoritma,CSGE602040
IKI10400,Struktur Data & Algoritma,CSGE602040
IKI10400,Struktur Data & Algoritma,CSGE602040
IKI10400,Struktur Data & Algoritma,IKI10400
IKI10400,Struktur Data & Algoritma,IKI10400
IKI10400,Struktur Data & Algoritma,IKI20100
IKI10400,Struktur Data & Algoritma,IKI20100
IKI10400,Struktur Data & Algoritma,IKI20100
IKI10400,Struktur Data & Algoritma,IKI20100
IKI10400,Struktur Data & Algoritma,CSF1600400
IKI10400,Struktur Data & Algoritma,CSF1600400
IKI10400,Struktur Data & Algoritma,CSF1600400
IKI10400,Struktur Data & Algoritma,CSF1600400
IKI10400,Struktur Data & Algoritma,CSGE602040
IKI10400,Struktur Data & Algoritma,CSGE602040
IKI10400,Struktur Data & Algoritma,CSGE602040
IKI10400,Struktur Data & Algoritma,CSGE602040
IKI10400,Struktur Data & Algoritma,IKI10400
IKI10400,Struktur Data & Algoritma,IKI10400
IKI10400,Struktur Data & Algoritma,IKI20100
IKI10400,Struktur Data & Algoritma,IKI20100
IKI10400,Struktur Data & Algoritma,IKI20100
IKI10400,Struktur Data & Algoritma,IKI20100
IKI10400,Struktur Data & Algoritma,CSF1600400
IKI10400,Struktur Data & Algoritma,CSF1600400
IKI10400,Struktur Data & Algoritma,CSF1600400
IKI10400,Struktur Data & Algoritma,CSF1600400
IKI10400,Struktur Data & Algoritma,CSGE602040
IKI10400,Struktur Data & Algoritma,CSGE602040
IKI10400,Struktur Data & Algoritma,CSGE602040
IKI10400,Struktur Data & Algoritma,CSGE602040
IKI10400,Struktur Data & Algoritma,IKI10400
IKI10400,Struktur Data & Algoritma,IKI10400
IKI10400,Struktur Data & Algoritma,IKI20100
IKI10400,Struktur Data & Algoritma,IKI20100
IKI10400,Struktur Data & Algoritma,IKI20100
IKI10400,Struktur Data & Algoritma,IKI20100
IKI10400,Struktur Data & Algoritma,CSF1600400
IKI10400,Struktur Data & Algoritma,CSF1600400
IKI10400,Struktur Data & Algoritma,CSF1600400
IKI10400,Struktur Data & Algoritma,CSF1600400
IKI10400,Struktur Data & Algoritma,CSGE602040
IKI10400,Struktur Data & Algoritma,CSGE602040
IKI10400,Struktur Data & Algoritma,CSGE602040
IKI10400,Struktur Data & Algoritma,CSGE602040
IKI10400,Struktur Data & Algoritma,IKI10400
IKI10400,Struktur Data & Algoritma,IKI10400
IKI10400,Struktur Data & Algoritma,IKI20100
IKI10400,Struktur Data & Algoritma,IKI20100
IKI10400,Struktur Data & Algoritma,IKI20100
IKI10400,Struktur Data & Algoritma,IKI20100
IKI10400,Struktur Data & Algoritma,CSF1600400
IKI10400,Struktur Data & Algoritma,CSF1600400
IKI10400,Struktur Data & Algoritma,CSF1600400
IKI10400,Struktur Data & Algoritma,CSF1600400
IKI10400,Struktur Data & Algoritma,CSGE602040
IKI10400,Struktur Data & Algoritma,CSGE602040
IKI10400,Struktur Data & Algoritma,CSGE602040
IKI10400,Struktur Data & Algoritma,CSGE602040
IKI10400,Struktur Data & Algoritma,IKI10400
IKI10400,Struktur Data & Algoritma,IKI10400
IKI10400,Struktur Data & Algoritma,IKI20100
IKI10400,Struktur Data & Algoritma,IKI20100
IKI10400,Struktur Data & Algoritma,IKI20100
IKI10400,Struktur Data & Algoritma,IKI20100
IKI10400,Struktur Data & Algoritma,CSF1600400
IKI10400,Struktur Data & Algoritma,CSF1600400
IKI10400,Struktur Data & Algoritma,CSF1600400
IKI10400,Struktur Data & Algoritma,CSF1600400
IKI10400,Struktur Data & Algoritma,CSGE602040
IKI10400,Struktur Data & Algoritma,CSGE602040
IKI10400,Struktur Data & Algoritma,CSGE602040
IKI10400,Struktur Data & Algoritma,CSGE602040
IKI10400,Struktur Data & Algoritma,IKI10400
IKI10400,Struktur Data & Algoritma,IKI10400
IKI10400,Struktur Data & Algoritma,IKI20100
IKI10400,Struktur Data & Algoritma,IKI20100
IKI10400,Struktur Data & Algoritma,IKI20100
IKI10400,Struktur Data & Algoritma,IKI20100
IKI10400,Struktur Data & Algoritma,CSF1600400
IKI10400,Struktur Data & Algoritma,CSF1600400
IKI10400,Struktur Data & Algoritma,CSF1600400
IKI10400,Struktur Data & Algoritma,CSF1600400
IKI10400,Struktur Data & Algoritma,CSGE602040
IKI10400,Struktur Data & Algoritma,CSGE602040
IKI10400,Struktur Data & Algoritma,CSGE602040
IKI10400,Struktur Data & Algoritma,CSGE602040
IKI10400,Struktur Data & Algoritma,IKI10400
IKI10400,Struktur Data & Algoritma,IKI10400
IKI10400,Struktur Data & Algoritma,IKI20100
IKI10400,Struktur Data & Algoritma,IKI20100
IKI10400,Struktur Data & Algoritma,IKI20100
IKI10400,Struktur Data & Algoritma,IKI20100
IKI20101,Matematika Diskret 1,CSF2600101
IKI20101,Matematika Diskret 1,CSF2600101
IKI20101,Matematika Diskret 1,CSF2600101
IKI20101,Matematika Diskret 1,CSF2600101
IKI20101,Matematika Diskret 1,CSGE601011
IKI20101,Matematika Diskret 1,CSGE601011
IKI20101,Matematika Diskret 1,CSGE601011
IKI20101,Matematika Diskret 1,CSGE601011
IKI20101,Matematika Diskret 1,IKI10610
IKI20101,Matematika Diskret 1,IKI10610
IKI20101,Matematika Diskret 1,IKI10610
IKI20101,Matematika Diskret 1,IKI10610
IKI20101,Matematika Diskret 1,IKI20101
IKI20102,Statistika & Probabilitas,CSF2600102
IKI20102,Statistika & Probabilitas,CSF2600102
IKI20102,Statistika & Probabilitas,CSF2600102
IKI20102,Statistika & Probabilitas,CSF2600102
IKI20102,Statistika & Probabilitas,CSGE602013
IKI20102,Statistika & Probabilitas,CSGE602013
IKI20102,Statistika & Probabilitas,CSGE602013
IKI20102,Statistika & Probabilitas,CSGE602013
IKI20102,Statistika & Probabilitas,IKI20020
IKI20102,Statistika & Probabilitas,IKI20020
IKI20102,Statistika & Probabilitas,IKI20102
IKI20102,Statistika & Probabilitas,IKI20630
IKI20102,Statistika & Probabilitas,IKI20630
IKI20201,Perancangan & Pemrograman Web,CSF2600201
IKI20201,Perancangan & Pemrograman Web,CSF2600201
IKI20201,Perancangan & Pemrograman Web,CSF2600201
IKI20201,Perancangan & Pemrograman Web,CSF2600201
IKI20201,Perancangan & Pemrograman Web,CSGE602022
IKI20201,Perancangan & Pemrograman Web,CSGE602022
IKI20201,Perancangan & Pemrograman Web,CSGE602022
IKI20201,Perancangan & Pemrograman Web,CSGE602022
IKI20201,Perancangan & Pemrograman Web,IKI20201
IKI20201,Perancangan & Pemrograman Web,IKI20840
IKI20201,Perancangan & Pemrograman Web,IKI20840
IKI20201,Perancangan & Pemrograman Web,IKI20840
IKI20201,Perancangan & Pemrograman Web,IKI20840
IKI20201,Perancangan & Pemrograman Web,CSF2600201
IKI20201,Perancangan & Pemrograman Web,CSF2600201
IKI20201,Perancangan & Pemrograman Web,CSF2600201
IKI20201,Perancangan & Pemrograman Web,CSF2600201
IKI20201,Perancangan & Pemrograman Web,CSGE602022
IKI20201,Perancangan & Pemrograman Web,CSGE602022
IKI20201,Perancangan & Pemrograman Web,CSGE602022
IKI20201,Perancangan & Pemrograman Web,CSGE602022
IKI20201,Perancangan & Pemrograman Web,IKI20201
IKI20201,Perancangan & Pemrograman Web,IKI20840
IKI20201,Perancangan & Pemrograman Web,IKI20840
IKI20201,Perancangan & Pemrograman Web,IKI20840
IKI20201,Perancangan & Pemrograman Web,IKI20840
IKI20201,Perancangan & Pemrograman Web,CSF2600201
IKI20201,Perancangan & Pemrograman Web,CSF2600201
IKI20201,Perancangan & Pemrograman Web,CSF2600201
IKI20201,Perancangan & Pemrograman Web,CSF2600201
IKI20201,Perancangan & Pemrograman Web,CSGE602022
IKI20201,Perancangan & Pemrograman Web,CSGE602022
IKI20201,Perancangan & Pemrograman Web,CSGE602022
IKI20201,Perancangan & Pemrograman Web,CSGE602022
IKI20201,Perancangan & Pemrograman Web,IKI20201
IKI20201,Perancangan & Pemrograman Web,IKI20840
IKI20201,Perancangan & Pemrograman Web,IKI20840
IKI20201,Perancangan & Pemrograman Web,IKI20840
IKI20201,Perancangan & Pemrograman Web,IKI20840
IKI20201,Perancangan & Pemrograman Web,CSF2600201
IKI20201,Perancangan & Pemrograman Web,CSF2600201
IKI20201,Perancangan & Pemrograman Web,CSF2600201
IKI20201,Perancangan & Pemrograman Web,CSF2600201
IKI20201,Perancangan & Pemrograman Web,CSGE602022
IKI20201,Perancangan & Pemrograman Web,CSGE602022
IKI20201,Perancangan & Pemrograman Web,CSGE602022
IKI20201,Perancangan & Pemrograman Web,CSGE602022
IKI20201,Perancangan & Pemrograman Web,IKI20201
IKI20201,Perancangan & Pemrograman Web,IKI20840
IKI20201,Perancangan & Pemrograman Web,IKI20840
IKI20201,Perancangan & Pemrograman Web,IKI20840
IKI20201,Perancangan & Pemrograman Web,IKI20840
IKI20505,Sistem Operasi,CSF2600505
IKI20505,Sistem Operasi,CSF2600505
IKI20505,Sistem Operasi,CSF2600505
IKI20505,Sistem Operasi,CSF2600505
IKI20505,Sistem Operasi,CSGE602055
IKI20505,Sistem Operasi,CSGE602055
IKI20505,Sistem Operasi,CSGE602055
IKI20505,Sistem Operasi,CSGE602055
IKI20505,Sistem Operasi,IKI20230
IKI20505,Sistem Operasi,IKI20230
IKI20505,Sistem Operasi,IKI20230
IKI20505,Sistem Operasi,IKI20230
IKI20505,Sistem Operasi,IKI20505
IKI20505,Sistem Operasi,CSF2600505
IKI20505,Sistem Operasi,CSF2600505
IKI20505,Sistem Operasi,CSF2600505
IKI20505,Sistem Operasi,CSF2600505
IKI20505,Sistem Operasi,CSGE602055
IKI20505,Sistem Operasi,CSGE602055
IKI20505,Sistem Operasi,CSGE602055
IKI20505,Sistem Operasi,CSGE602055
IKI20505,Sistem Operasi,IKI20230
IKI20505,Sistem Operasi,IKI20230
IKI20505,Sistem Operasi,IKI20230
IKI20505,Sistem Operasi,IKI20230
IKI20505,Sistem Operasi,IKI20505
IKI20505,Sistem Operasi,CSF2600505
IKI20505,Sistem Operasi,CSF2600505
IKI20505,Sistem Operasi,CSF2600505
IKI20505,Sistem Operasi,CSF2600505
IKI20505,Sistem Operasi,CSGE602055
IKI20505,Sistem Operasi,CSGE602055
IKI20505,Sistem Operasi,CSGE602055
IKI20505,Sistem Operasi,CSGE602055
IKI20505,Sistem Operasi,IKI20230
IKI20505,Sistem Operasi,IKI20230
IKI20505,Sistem Operasi,IKI20230
IKI20505,Sistem Operasi,IKI20230
IKI20505,Sistem Operasi,IKI20505
IKI20505,Sistem Operasi,CSF2600505
IKI20505,Sistem Operasi,CSF2600505
IKI20505,Sistem Operasi,CSF2600505
IKI20505,Sistem Operasi,CSF2600505
IKI20505,Sistem Operasi,CSGE602055
IKI20505,Sistem Operasi,CSGE602055
IKI20505,Sistem Operasi,CSGE602055
IKI20505,Sistem Operasi,CSGE602055
IKI20505,Sistem Operasi,IKI20230
IKI20505,Sistem Operasi,IKI20230
IKI20505,Sistem Operasi,IKI20230
IKI20505,Sistem Operasi,IKI20230
IKI20505,Sistem Operasi,IKI20505
IKI20700,Basis Data,CSF2600700
IKI20700,Basis Data,CSF2600700
IKI20700,Basis Data,CSF2600700
IKI20700,Basis Data,CSF2600700
IKI20700,Basis Data,CSGE602070
IKI20700,Basis Data,CSGE602070
IKI20700,Basis Data,CSGE602070
IKI20700,Basis Data,CSGE602070
IKI20700,Basis Data,IKI20430
IKI20700,Basis Data,IKI20430
IKI20700,Basis Data,IKI20430
IKI20700,Basis Data,IKI20700
IKI20700,Basis Data,CSF2600700
IKI20700,Basis Data,CSF2600700
IKI20700,Basis Data,CSF2600700
IKI20700,Basis Data,CSF2600700
IKI20700,Basis Data,CSGE602070
IKI20700,Basis Data,CSGE602070
IKI20700,Basis Data,CSGE602070
IKI20700,Basis Data,CSGE602070
IKI20700,Basis Data,IKI20430
IKI20700,Basis Data,IKI20430
IKI20700,Basis Data,IKI20430
IKI20700,Basis Data,IKI20700
IKI20700,Basis Data,CSF2600700
IKI20700,Basis Data,CSF2600700
IKI20700,Basis Data,CSF2600700
IKI20700,Basis Data,CSF2600700
IKI20700,Basis Data,CSGE602070
IKI20700,Basis Data,CSGE602070
IKI20700,Basis Data,CSGE602070
IKI20700,Basis Data,CSGE602070
IKI20700,Basis Data,IKI20430
IKI20700,Basis Data,IKI20430
IKI20700,Basis Data,IKI20430
IKI20700,Basis Data,IKI20700
IKI30202,Rekayasa Perangkat Lunak,CSCM603125
IKI30202,Rekayasa Perangkat Lunak,CSCM603125
IKI30202,Rekayasa Perangkat Lunak,CSF3600202
IKI30202,Rekayasa Perangkat Lunak,CSF3600202
IKI30202,Rekayasa Perangkat Lunak,CSF3600202
IKI30202,Rekayasa Perangkat Lunak,CSF3600202
IKI30202,Rekayasa Perangkat Lunak,IKI20700
IKI30202,Rekayasa Perangkat Lunak,IKI30202
IKI30202,Rekayasa Perangkat Lunak,IKI30740
IKI30202,Rekayasa Perangkat Lunak,IKI30740
IKI30202,Rekayasa Perangkat Lunak,CSCM603125
IKI30202,Rekayasa Perangkat Lunak,CSCM603125
IKI30202,Rekayasa Perangkat Lunak,CSF3600202
IKI30202,Rekayasa Perangkat Lunak,CSF3600202
IKI30202,Rekayasa Perangkat Lunak,CSF3600202
IKI30202,Rekayasa Perangkat Lunak,CSF3600202
IKI30202,Rekayasa Perangkat Lunak,IKI20700
IKI30202,Rekayasa Perangkat Lunak,IKI30202
IKI30202,Rekayasa Perangkat Lunak,IKI30740
IKI30202,Rekayasa Perangkat Lunak,IKI30740
IKI30202,Rekayasa Perangkat Lunak,CSCM603125
IKI30202,Rekayasa Perangkat Lunak,CSCM603125
IKI30202,Rekayasa Perangkat Lunak,CSF3600202
IKI30202,Rekayasa Perangkat Lunak,CSF3600202
IKI30202,Rekayasa Perangkat Lunak,CSF3600202
IKI30202,Rekayasa Perangkat Lunak,CSF3600202
IKI30202,Rekayasa Perangkat Lunak,IKI20700
IKI30202,Rekayasa Perangkat Lunak,IKI30202
IKI30202,Rekayasa Perangkat Lunak,IKI30740
IKI30202,Rekayasa Perangkat Lunak,IKI30740
IKO12500,Pengantar Sistem Dijita,CSC1602500
IKO12500,Pengantar Sistem Dijita,CSC1602500
IKO12500,Pengantar Sistem Dijita,CSCM601150
IKO12500,Pengantar Sistem Dijita,CSCM601150
IKO12500,Pengantar Sistem Dijita,IKI10201
IKO12500,Pengantar Sistem Dijita,IKI10201
IKO21502,Pengantar Organisasi Komputer,IKI10230
IKO21502,Pengantar Organisasi Komputer,IKI10230
IKO21502,Pengantar Organisasi Komputer,IKI10230
IKO21502,Pengantar Organisasi Komputer,IKI10230
IKO21502,Pengantar Organisasi Komputer,IKI10230
IKO21502,Pengantar Organisasi Komputer,IKI10230
IKO21502,Pengantar Organisasi Komputer,IKI10230
IKO21502,Pengantar Organisasi Komputer,IKI10230
IKO21502,Pengantar Organisasi Komputer,IKI10230
IKO21502,Pengantar Organisasi Komputer,IKI10230
IKO22203,Pemrograman Deklaratif,IKI30810
IKO22203,Pemrograman Deklaratif,IKI30810
IKO22401,Teori Bahasa & Automata,IKI30600
IKO22401,Teori Bahasa & Automata,IKI30600
IKO22401,Teori Bahasa & Automata,IKI30600
IKO22401,Teori Bahasa & Automata,IKI30600
IKO31250,Sistem Interaksi,IKI30510
IKO31250,Sistem Interaksi,IKI30510
IKO31300,Sistem Cerdas,IKI30320
IKO31300,Sistem Cerdas,IKI30320
IKO31300,Sistem Cerdas,IKI30320
IKO31300,Sistem Cerdas,IKI30320
IKO31300,Sistem Cerdas,IKI30320
IKO31300,Sistem Cerdas,IKI30320
IKO31300,Sistem Cerdas,IKI30320
IKO31300,Sistem Cerdas,IKI30320
IKO31300,Sistem Cerdas,IKI30320
IKO31300,Sistem Cerdas,IKI30320
IKO31355,Pengolahan Citra,IKI30310
IKO31355,Pengolahan Citra,IKI30310
IKO31503,Jaringan Komputer,CSC3601503
IKO31503,Jaringan Komputer,CSC3601503
IKO31503,Jaringan Komputer,CSCM603154
IKO31503,Jaringan Komputer,CSCM603154
IKO31503,Jaringan Komputer,IKI20240
IKO31503,Jaringan Komputer,IKI20240
IKO31503,Jaringan Komputer,IKI20240
IKO31503,Jaringan Komputer,CSC3601503
IKO31503,Jaringan Komputer,CSC3601503
IKO31503,Jaringan Komputer,CSCM603154
IKO31503,Jaringan Komputer,CSCM603154
IKO31503,Jaringan Komputer,IKI20240
IKO31503,Jaringan Komputer,IKI20240
IKO31503,Jaringan Komputer,IKI20240
IKO31503,Jaringan Komputer,CSC3601503
IKO31503,Jaringan Komputer,CSC3601503
IKO31503,Jaringan Komputer,CSCM603154
IKO31503,Jaringan Komputer,CSCM603154
IKO31503,Jaringan Komputer,IKI20240
IKO31503,Jaringan Komputer,IKI20240
IKO31503,Jaringan Komputer,IKI20240
IKO31550,Organisasi Sistem Komputer,IKI20200
IKO31550,Organisasi Sistem Komputer,IKI20200
IKO31551,Sistem Tertanam,IKI32230
IKO31754,Basis Data Lanjut,CSC4601754
IKO31754,Basis Data Lanjut,CSC4601754
IKO31754,Basis Data Lanjut,CSC4601754
IKO31754,Basis Data Lanjut,CSC4601754
IKO31754,Basis Data Lanjut,CSCE604174
IKO31754,Basis Data Lanjut,CSCE604174
IKO31754,Basis Data Lanjut,CSCE604174
IKO31754,Basis Data Lanjut,CSCE604174
IKO31754,Basis Data Lanjut,IKI20440
IKO31754,Basis Data Lanjut,IKI20440
IKO31754,Basis Data Lanjut,IKI20440
IKO31754,Basis Data Lanjut,IKO31754
IKO32104,Analisis Numerik,IKI30640
IKO32104,Analisis Numerik,IKI30640
IKO32104,Analisis Numerik,IKI30640
IKO32104,Analisis Numerik,IKI30640
IKO32104,Analisis Numerik,IKI30640
IKO32104,Analisis Numerik,IKI30640
IKO32150,Teori Informasi,IKI30250
IKO32150,Teori Informasi,IKI30250
IKO32152,Persamaan Diferensial,IKI30630
IKO32152,Persamaan Diferensial,IKI30630
IKO32205,Proyek Perangkat Lunak,IKI30730
IKO32205,Proyek Perangkat Lunak,IKI30730
IKO32257,Teknik Kompilator,IKI40800
IKO32257,Teknik Kompilator,IKI40800
IKO32353,Pemelajaran Mesin,IKI32310
IKO32353,Pemelajaran Mesin,IKI32310
IKO32354,Pengolahan Bahasa Manusia,IKI40931
IKO32354,Pengolahan Bahasa Manusia,IKI40931
IKO32402,Desain & Analisis Algoritma,IKI40100
IKO32402,Desain & Analisis Algoritma,IKI40100
IKO32450,Grafika Komputer,IKI30500
IKO32450,Grafika Komputer,IKI30500
IKO32450,Grafika Komputer,IKI30500
IKO32450,Grafika Komputer,IKI30500
IKO32453,Kriptografi & Keamanan Informasi,IKI30150
IKO32453,Kriptografi & Keamanan Informasi,IKI30150
IKO41151,Simulasi & Pemodelan,IKI40620
IKO41154,Aljabar Linier Numerik,IKI40600
IKO41154,Aljabar Linier Numerik,IKI40600
IKO41253,Pemrograman Logika,IKI30820
IKO41253,Pemrograman Logika,IKI30820
IKO41254,Penjaminan Mutu Perangkat Lunak,IKI40975
IKO41254,Penjaminan Mutu Perangkat Lunak,IKI40975
IKO41352,Komputasi Lunak,IKI40310
IKO41352,Komputasi Lunak,IKI40310
IKO41356,Pengolahan Multimedia,IKI42500
IKO41356,Pengolahan Multimedia,IKI42500
IKO41357,Perolehan Informasi,IKI40921
IKO41452,Pemodelan Geometris,IKI40630
IKO41452,Pemodelan Geometris,IKI40630
IKO41454,Logika Komputasional,IKI40980
IKO41454,Logika Komputasional,IKI40980
IKO41552,Pengolahan Sinyal Dijital,IKI32220
IKO41552,Pengolahan Sinyal Dijital,IKI32220
IKO41554,Sistem Terdistribusi,IKI30220
IKO41554,Sistem Terdistribusi,IKI30220
IKO41853,Pengajaran Berbantuan Komputer,IKI40510
IKO41853,Pengajaran Berbantuan Komputer,IKI40510
IKO42252,Metode Formal,IKI30720
IKO42252,Metode Formal,IKI30720
IKO42360,Robotika,IKI40933
IKO42360,Robotika,IKI40933
IKO42553,Rancangan Sistem Dijital,IKI31220
IKS41759,Teknologi Mobile,CSCE604179
IKS41759,Teknologi Mobile,CSCE604179
IKS41759,Teknologi Mobile,CSCE604179
IKS41759,Teknologi Mobile,CSCE604179
IKS41759,Teknologi Mobile,CSI4601759
IKS41759,Teknologi Mobile,CSI4601759
IKS41759,Teknologi Mobile,CSI4601759
IKS41759,Teknologi Mobile,CSI4601759
IKS41759,Teknologi Mobile,IKI30430
IKS41759,Teknologi Mobile,IKI30430
IKS41759,Teknologi Mobile,IKS41759
